"Amino Acid","One-Letter Code","Codons that Encode an Amino Acid","Preferred Codon"
"Alanine","A","GCT, GCC, GCA, GCG","GCC"
"Cysteine","C","TGT, TGC","TGT"
"Aspartic acid","D","GAT, GAC","GAT"
"Glutamic acid","E","GAA, GAG","-"
"Phenylalanine","F","TTT, TTC","-"
"Glycine","G","GGT, GGC, GGA, GGG","GGT"
"Histidine","H","CAT, CAC","CAC"
"Isoleucine","I","ATT, ATC, ATA","ATC"
"Lysine","K","AAA, AAG","-"
"Leucine","L","CTT, CTC, CTA, CTG, TTA, TTG","TTA"
"Asparagine","N","AAT, AAC","-"
"Proline","P","CCT, CCC, CCA, CCG","CCT"
"Glutamine","Q","CAA, CAG","-"
"Arginine","R","CGT, CGC, CGA, CGG, AGA, AGG","CGG"
"Serine","S","TCT, TCC, TCA, TCG, AGT, AGC","TCG"
"Threonine","T","ACT, ACC, ACA, ACG","ACG"
"Valine","V","GTT, GTC, GTA, GTG","GTG"
"Tyrosine","Y","TAT, TAC","TAT"
